{
  "Ok": {
    "in_sigma": 0.0000627510880527384,
    "out_sigma": 1.3342178926368638e-7
  }
}