{
  "Ok": {
    "input_std": 3.4667670193445625e-16,
    "out_std": 1.5389785537963094e-14
  }
}