{
  "input_std": 3.4667670193445625e-16,
  "output_sigma": 1.1515410184280396e-16,
  "params": {
    "dim": {
      "polynomial_degree": 2048,
      "size": 1
    },
    "std": 3.4667670193445625e-16
  }
}